id,length,PKW_allowed
-10414497#1_1,85.9,yes
-10414497#2_1,43.24,yes
-1042405420#1_1,263.72,yes
-1056324193#1_0,71.16,yes
-10594635#0_0,73.34,yes
-1068811627_0,33.73,yes
-10750844#1_0,37.5,yes
-10755051_0,87.46,yes
-1113744422#1_0,160.43,yes
-1137649511#3_0,54.66,yes
-1163544455#1_1,151.87,yes
-1163565847#2_0,120.7,yes
-1163569502#1_1,64.1,yes
-11667106#8_0,55.87,yes
-1167488601_0,51.62,yes
-11916106#1_1,98.89,yes
-140726947#0_0,42.74,yes
-141885659#0_1,71.26,yes
-141885660#0_0,28.12,yes
-141885660#1_0,68.22,yes
-141887992#0_0,80.68,yes
-14389891#3_1,116.04,yes
-14389891#5_1,94.83,yes
-145204590#1_1,31.42,yes
-145204590#6_1,221.22,yes
-146545821#1_0,108.87,yes
-146778061_0,19.07,yes
-146778063#0_1,112.97,yes
-146778074#2_0,56,yes
-147633771#0_1,31.94,yes
-147636167_0,174.47,yes
-147759326#0_0,36.55,yes
-14947691#7_0,180.97,yes
-150995102#2_0,90.63,yes
-15801838#0_1,36.81,yes
-15801847#0_0,65.05,yes
-172222117#1_1,95.07,yes
-188708009_1,107.31,yes
-188708010#1_1,77.13,yes
-188867142#1_1,96.13,yes
-190714064#0_1,121.98,yes
-218294235#1_1,43.93,yes
-24978203#1_0,56.57,yes
-26127384#2_0,92.82,yes
-27014767_0,94.54,yes
-27361348#1_1,136.92,yes
-27410107#1_1,127.2,yes
-28373093#2_0,60.11,yes
-295864510#4_0,89.93,yes
-30748799_1,137.03,yes
-313458176#3_0,227.58,yes
-331553004#1_1,42.9,yes
-332455382#0_0,94.31,yes
-332455382#1_0,76.6,yes
-332455407#1_0,23.99,yes
-334810149#0_1,17.47,yes
-334810149#1_1,94.94,yes
-35162767#0_1,38.34,yes
-35162767#2_1,84.32,yes
-35162769#2_1,119.78,yes
-35393372#1_0,43.75,yes
-371345227#1_0,103.76,yes
-374407128_1,76.45,yes
-374541269#2_0,108.51,yes
-381201436#1_1,92.24,yes
-381223036#1_1,168.89,yes
-423368254#1_1,82.06,yes
-43068084#1_1,107.16,yes
-43585161#0_0,50.22,yes
-43586070#2_1,75.38,yes
-4375013#0_0,101.96,yes
-4375013#5_0,101.17,yes
-4393002#1_0,105.34,yes
-4393002#6_0,144.17,yes
-4393002#8_0,98.15,yes
-4398888#1_1,81.12,yes
-4399044_0,12.19,yes
-4498076#1_0,76.59,yes
-4727535_1,19.98,yes
-4730416#1_1,40.69,yes
-4734972#0_0,34.43,yes
-4803559#3_0,69.14,yes
-50003684#1.117_0,75.41,yes
-536908734#2_1,78.96,yes
-543888808_0,92.82,yes
-543888833#1_0,24,yes
-543888898#1_0,158.02,yes
-544152723_1,128.58,yes
-544152723.124_1,98.05,yes
-548370028_1,29.74,yes
-548370029_1,55.21,yes
-548370030#0_1,38.68,yes
-548370031#1_1,31.12,yes
-548370035#0_1,47.48,yes
-550432840#2_1,39.94,yes
-550432841#1_1,46.78,yes
-560707572#2_1,203.96,yes
-563626352#0_0,50.16,yes
-565560611#2_1,128.04,yes
-566100279#1_0,91.57,yes
-5736332#2_0,57.6,yes
-582263960#1_0,66.96,yes
-593076012#1_1,117.75,yes
-601313541_1,59.49,yes
-601313558#1_1,52.24,yes
-601718666#1_1,93.77,yes
-60233930#2_1,98.57,yes
-60447878_1,47.26,yes
-609970340#0_0,33.25,yes
-627360923_1,99.71,yes
-641490961#1_1,134.3,yes
-64659700#4_0,92.43,yes
-651999512#2_1,74.27,yes
-670738521_1,77.62,yes
-722646198_1,19.4,yes
-81285068#1_0,29.42,yes
-81286180_0,4.72,yes
-821493797#1_1,32.62,yes
-828445693#1_1,107.46,yes
-855557607_1,68.11,yes
-860373105#0_1,48.97,yes
-860373105#1_1,40.49,yes
-860373105#4_1,67.44,yes
-86145639#0_1,27.39,yes
-86145639#2_1,57.97,yes
-86145639#5_1,103.7,yes
-942285773#1_1,45.73,yes
-942348910#1_1,53.79,yes
-942456035#1_1,193.01,yes
-95474067#1_1,70.78,yes
-968872142#0_1,12.76,yes
-968872143_1,49.54,yes
#NAME?,109.68,yes
#NAME?,50.51,yes
#NAME?,24.8,yes
#NAME?,508.3,yes
#NAME?,87.83,yes
#NAME?,41.25,yes
#NAME?,89.09,yes
#NAME?,115.61,yes
#NAME?,89.13,yes
#NAME?,85.41,yes
#NAME?,125.03,yes
#NAME?,105.34,yes
#NAME?,37.77,yes
#NAME?,29.43,yes
#NAME?,102.81,yes
#NAME?,33.24,yes
#NAME?,48.59,yes
#NAME?,178.76,yes
#NAME?,144.55,yes
#NAME?,72.18,yes
#NAME?,77.86,yes
#NAME?,49.61,yes
#NAME?,50.94,yes
#NAME?,63.3,yes
#NAME?,29.36,yes
#NAME?,52.6,yes
10418400#0_0,84.53,yes
10418546#0_0,125,yes
10418558#0_0,91.69,yes
1051820108#0_0,118.04,yes
1056324193#0_0,71.16,yes
1056324193#2_1,70.49,yes
10594635#0_0,75.05,yes
10594635#0.73_0,105.66,yes
10750844#0_0,37.5,yes
1113744422#2_0,105.34,yes
1163500949#0_0,160.43,yes
1163529329_1,15.36,yes
1163529329_2,15.36,yes
11667106#7_0,55.87,yes
1167488601_0,50.75,yes
11916106#0_1,98.89,yes
11943595#0_0,103.76,yes
120613500#0_1,16.66,yes
120613500#1_1,86.98,yes
120613501_1,90.45,yes
120613502_1,51.42,yes
120613502.32_1,62.95,yes
12618874#0_1,111.16,yes
12618874#0.111_1,116.61,yes
136124103_1,14.42,yes
136124104#0_1,35.86,yes
136617339#0_1,41.99,yes
140726947#0_0,43.52,yes
141885659#0_0,71.19,yes
141885660#0_0,28.12,yes
141885660#1_0,68.22,yes
141887992#0_0,78.25,yes
146545817#0_0,31.4,yes
146778061_0,19.07,yes
146778074#0_0,56,yes
146783879#0_1,72.81,yes
147633771#0_1,31.94,yes
147636167_1,175.69,yes
147759326#0_1,39.56,yes
148349696#0_1,50.85,yes
148349697#1_1,57.42,yes
150995102#0_0,90.63,yes
150995110#0_1,84.28,yes
150995116#0_0,96.78,yes
150996033_1,17.22,yes
15677654#0_1,88.04,yes
15801847#0_0,63.83,yes
172222117#0_1,95.07,yes
172222118#3_0,106.55,yes
188708009_1,107.31,yes
188708010#0_1,77.13,yes
188708011_1,68.11,yes
188867142#0_1,96.13,yes
198426622_1,57.51,yes
198426624#0_0,285.5,yes
198488290#0_0,46.43,yes
198488290#0_1,46.43,yes
198488290#1_0,68.09,yes
198488290#1_1,68.09,yes
198488290#4_0,37.63,yes
198488290#4_1,37.63,yes
198488291#0_0,18.99,yes
20020535#0_1,53.94,yes
20020535#0.160_1,172.8,yes
20020535#0.52_1,109.85,yes
23570562#0_1,44.34,yes
24691258#0_0,53.86,yes
27014767_1,90.97,yes
27014785#0_1,68.15,yes
27331400#0_1,11.12,yes
27331400#1_1,158.34,yes
27331408#0_1,92.42,yes
27361189#0_1,39.05,yes
27361348#0_1,136.92,yes
27410107#0_1,127.2,yes
27410182#0_1,70.06,yes
28373093#2_0,58.41,yes
294148768_1,18.87,yes
294148769_1,12.86,yes
294149881_1,14.36,yes
313458176#0_0,227.58,yes
32434209_1,36.29,yes
32434222_1,25.06,yes
331552998#0_0,56.11,yes
332455374#1_1,72.7,yes
332455382#0_0,94.31,yes
332455382#1_0,76.6,yes
332455398#1.16_1,82.93,yes
332455407#1_0,21.44,yes
33556413#0_1,30.12,yes
33556413#1_1,9.68,yes
33693780#0_1,81.72,yes
33693780#2_1,23.57,yes
33693780#4_1,46.06,yes
33693799#0_1,85.34,yes
33694486#0_0,150.13,yes
341018763#0_1,70.57,yes
35164367_1,31.02,yes
35393372#0_0,43.75,yes
361838934#0_1,84.9,yes
361838934#1_1,32.44,yes
361876821_1,97.23,yes
374407128_1,71.32,yes
374522039#0_1,36.76,yes
374528655_1,30.16,yes
374546587#0_0,108.79,yes
37684124#0_1,124.77,yes
381201436#0_1,92.24,yes
381223036#0_1,168.89,yes
39239530_1,20.87,yes
395173267_1,72.87,yes
398028001#0_0,172.52,yes
398028002#0_1,77.16,yes
41455289#0_1,125.01,yes
41459881#0_1,32.88,yes
423368254#0_1,82.06,yes
423368254#2_1,121.98,yes
429288348_0,87.46,yes
43068084#0_1,107.16,yes
4310927#1_1,310.91,yes
4310928#0_1,294.21,yes
43585161#0_0,50.04,yes
4370800#0_1,248.61,yes
4375013#0_0,101.25,yes
4375013#5_0,101.33,yes
4376120#0_0,18.19,yes
4376121#0_0,222.35,yes
4376121#0_1,222.35,yes
4389421#0_1,116.79,yes
4393002#2_0,144.17,yes
4393002#7_0,98.15,yes
4398888#0_1,81.12,yes
4398951#0_1,40.88,yes
4399044_0,12.19,yes
4399120_1,47.26,yes
4479820#0_1,42.47,yes
4481729#0_0,76.37,yes
4483941#0_0,16.86,yes
4498076#1_0,76.59,yes
4498175#0_0,104.74,yes
4572089#0_1,74.4,yes
461211027_1,24.77,yes
461211028_1,15.48,yes
46656282#0_1,62.53,yes
4687935#0_1,78.34,yes
4727535_1,19.98,yes
4730406#0_1,81.93,yes
4730406#0.80_1,83.74,yes
4730408#2_1,262.78,yes
4730409#0_1,257.16,yes
4734972#0_0,32.31,yes
4734976#0_1,45.58,yes
4748724#0_0,88.39,yes
4748727_1,18.94,yes
48777366#0_1,60.4,yes
50003684#1_0,76.96,yes
50003684#1.78_0,117.4,yes
506482101#0_0,91.25,yes
5068112#0.550_1,67.21,yes
5079287#0_1,48.27,yes
51265912#1_1,105.42,yes
5198100#0_1,84.79,yes
522547661#0_0,79.1,yes
525958045#0_1,189.12,yes
526016651_1,67.74,yes
526016653#2_1,39.87,yes
532158277#0_1,86.89,yes
532158278#0_1,72.95,yes
53275982#0_1,15.59,yes
533775756#0_1,127.07,yes
534546682#0.18_1,40.79,yes
534851512#0_1,92.09,yes
536908725#0_0,77.62,yes
536908734#0_0,78.96,yes
543129612#0_0,117.81,yes
543698012#0_1,80.48,yes
543698043#0_0,69,yes
543888804#0_1,26.04,yes
543888805_1,100.99,yes
543888833#0_0,24,yes
543888898#0_0,158.02,yes
548370032_1,16.98,yes
548370037#0_1,55.72,yes
548372837#0_1,85.13,yes
548372838#0_1,87.6,yes
549020386#0_1,143.99,yes
549020386#1_1,65.65,yes
549356141#0_1,16.48,yes
549356141#1_1,13.22,yes
550432833#0_1,36.23,yes
559462255#0.13_1,77.62,yes
566100297#0_1,72.83,yes
566100297#2_1,20.95,yes
566100297#3_1,23.76,yes
566100297#4_1,45.33,yes
566100297#6_1,96.65,yes
569781024_1,199.81,yes
571372263#0_0,134.3,yes
5736332#0_0,57.6,yes
576802235_1,34.88,yes
5771348#0_1,51.13,yes
577246823#0_1,40.94,yes
577248827#1_1,70.14,yes
580414174_1,61.05,yes
582263960#0_0,66.96,yes
592017400_1,128.53,yes
593076011_1,30.15,yes
593076012#0_1,117.75,yes
593077123#0_1,134.94,yes
595805217_1,29.58,yes
596103315#0_1,146.65,yes
601313541_0,59.49,yes
601313557#0_1,75.73,yes
601313558#0_1,52.24,yes
601718666#0_1,93.77,yes
60447874#0_1,19.04,yes
60447874#2_1,171.49,yes
60447876#0_1,101.73,yes
60447877#0_1,31.12,yes
60447877#1_1,53.86,yes
609970340#0_0,35.88,yes
609970342#0_0,23.69,yes
64659700#3_0,92.43,yes
682608864#0_1,17.93,yes
682608864#1_1,12.93,yes
682608867_1,22.09,yes
69184467#1_1,31.03,yes
69537613_1,69.31,yes
71167245#0_1,12.16,yes
722646198_1,19.4,yes
77078537#0_1,54.28,yes
77079364#0_1,66.88,yes
77079366_1,90.85,yes
81286180_0,4.72,yes
81286180_1,4.72,yes
8139899#0_1,18.69,yes
8139899#1_1,66.03,yes
8143580#1_0,1.95,yes
8143580#1_1,1.95,yes
821493797#0_1,32.62,yes
828445693#1_1,98.24,yes
860373105#0_1,48.97,yes
860373105#1_1,40.49,yes
860373105#2_1,67.44,yes
86145636#0_0,101.82,yes
86145639#0_1,27.39,yes
86145639#1_1,57.97,yes
86145639#3_1,103.7,yes
92142136_1,79.71,yes
92142139_1,12.12,yes
95474067#0_1,70.78,yes
968872142#1_1,14.52,yes
970871269_1,128.75,yes
E102_0,109.68,yes
E103_0,85.34,yes
E104_0,60.92,yes
E106_0,50.51,yes
E107_0,24.8,yes
E114_0,19.47,yes
E115_0,18.19,yes
E117_0,508.3,yes
E26_0,41.25,yes
E31_0,76.58,yes
E32_0,89.09,yes
E33_0,115.61,yes
E34_1,63.95,yes
E35_1,87.75,yes
E37_1,99.47,yes
E38_0,150.26,yes
E39_0,110.42,yes
E46_1,100.55,yes
E48_1,67.97,yes
E49_0,89.13,yes
E50_0,85.41,yes
E57_1,125.03,yes
E59_0,105.34,yes
E60_0,102.81,yes
E60.102_0,29.43,yes
E600_0,37.77,yes
E62_1,33.27,yes
E63_1,48.59,yes
E64_0,141.57,yes
E65_1,178.76,yes
E66_1,144.55,yes
E67_0,72.18,yes
E68_0,63.51,yes
E82_0,49.61,yes
E88_0,50.94,yes
E90_0,63.3,yes
E94_0,29.36,yes
E97_0,52.6,yes
-10414497#1_0,85.9,no
-10414497#2_0,43.24,no
-10418400#3_0,84.53,no
-1042405420#1_0,263.72,no
-10594647#3_0,61.31,no
-1163529329_0,15.36,no
-1163544455#1_0,151.87,no
-1163569502#1_0,64.1,no
-11667106#1_0,114.49,no
-11667106#4_0,70.64,no
-11667106#6_0,56.99,no
-11916106#1_0,98.89,no
-11918011_0,70.49,no
-12618874#0_0,111.16,no
-12618874#5_0,116.61,no
-136617339#1_0,41.99,no
-138424035#0_0,252.29,no
-141885659#0_0,71.26,no
-141887992#2_0,70.79,no
-14388986#2_0,29.14,no
-14389891#3_0,116.04,no
-14389891#5_0,94.83,no
-145204590#1_0,31.42,no
-145204590#6_0,221.22,no
-146778063#0_0,112.97,no
-146778067#1_0,136.84,no
-147633771#0_0,31.94,no
-150995095#3_0,91.32,no
-150995110#2_0,84.28,no
-150995116#3_0,96.78,no
-150996033_0,17.22,no
-15801838#0_0,36.81,no
-172222117#1_0,95.07,no
-188708009_0,107.31,no
-188708010#1_0,77.13,no
-188867142#1_0,96.13,no
-190714064#0_0,121.98,no
-20020535#0_0,161.46,no
-20020535#0.160_0,171.22,no
-218294235#1_0,43.93,no
-27014785#0_0,68.22,no
-27361348#1_0,136.92,no
-27410107#1_0,127.2,no
-291221104#1_0,56.57,no
-30748799_0,137.03,no
-331553004#1_0,42.9,no
-332455382#0.94_0,57.6,no
-332455398#1.16_0,84.84,no
-332455405#1_0,79.71,no
-334810149#0_0,17.47,no
-334810149#1_0,94.94,no
-33693780#0_0,81.52,no
-33693780#2_0,21.79,no
-33693780#4_0,47.78,no
-33693799#0_0,88.01,no
-33695352#3_0,69.29,no
-35162767#0_0,38.34,no
-35162767#2_0,84.32,no
-35162769#2_0,119.78,no
-361876821_0,93.49,no
-374407128_0,76.45,no
-381201436#1_0,92.24,no
-381223036#1_0,168.89,no
-398028001#4_0,172.52,no
-398028002#1_0,77.16,no
-423368254#1_0,82.06,no
-43068084#1_0,107.16,no
-43586070#2_0,75.38,no
-4398888#1_0,81.12,no
-4398951#1_0,40.88,no
-4498175#3_0,104.74,no
-46656282#1_0,62.53,no
-4727535_0,19.98,no
-4727535_2,19.98,no
-4730406#0_0,79.47,no
-4730406#0.80_0,81.5,no
-4730408#2_0,263.64,no
-4730409#0_0,257.57,no
-4730416#1_0,40.69,no
-4803560#4_0,60.79,no
-48777366#0_0,61.82,no
-4950245#0_0,164.15,no
-50003684#1_0,120.67,no
-5198100#0_0,82.71,no
-525958045#3_0,189.06,no
-527481483#0_0,76.65,no
-532158277#2_0,86.89,no
-532158278#2_0,72.95,no
-536908734#2_0,78.96,no
-543129612#1_0,117.81,no
-543129619#2_0,67.21,no
-543698043#1_0,69,no
-543888804#0_0,26.87,no
-543888805_0,100.13,no
-544152723_0,128.58,no
-544152723.124_0,98.05,no
-548370028_0,29.74,no
-548370029_0,55.21,no
-548370030#0_0,38.68,no
-548370031#1_0,31.12,no
-548370032_0,16.96,no
-548370033#1_0,72.86,no
-548370035#0_0,47.48,no
-548370037#0_0,50.17,no
-549356141#0_0,16.48,no
-549356141#1_0,13.22,no
-550432833#2_0,36.17,no
-550432837#1_0,88.98,no
-550432840#2_0,39.94,no
-550432841#1_0,46.78,no
-555161515#1_0,113.92,no
-558634424#3_0,95.24,no
-560707572#2_0,203.96,no
-563070453#0_0,113.37,no
-563070476#1_0,52.79,no
-565560611#2_0,128.04,no
-566100297#0_0,72.84,no
-566100297#2_0,19.88,no
-566100297#3_0,22.81,no
-566100297#4_0,45.23,no
-566100297#6_0,97.08,no
-5771348#2_0,51.13,no
-593076012#1_0,117.75,no
-596103315#2_0,146.65,no
-601313541_0,59.49,no
-601313557#4_0,75.73,no
-601313558#1_0,52.24,no
-601718666#1_0,93.77,no
-60233930#2_0,98.57,no
-60447878_0,47.26,no
-60505837#1_0,61.31,no
-627360923_0,99.71,no
-641490961#1_0,134.3,no
-64659700#0_0,132.82,no
-64659700#2_0,58.6,no
-651999512#2_0,74.27,no
-670738521_0,77.62,no
-722646198_0,19.4,no
-821493797#1_0,32.62,no
-828445693#1_0,107.46,no
-855557607_0,68.11,no
-860373105#0_0,48.97,no
-860373105#1_0,40.49,no
-860373105#4_0,67.44,no
-86145636#2_0,101.82,no
-86145639#0_0,27.39,no
-86145639#2_0,57.97,no
-86145639#5_0,103.7,no
-92142139_0,12.12,no
-942285773#1_0,45.73,no
-942348910#1_0,53.79,no
-942456035#1_0,193.01,no
-95474067#1_0,70.78,no
-968872142#0_0,12.76,no
-968872142#1_0,14.44,no
-968872143_0,49.54,no
-970871269_0,128.32,no
#NAME?,63.51,no
#NAME?,102.2,no
#NAME?,158.91,no
#NAME?,56.63,no
#NAME?,90.04,no
#NAME?,82.88,no
#NAME?,58.82,no
#NAME?,112,no
#NAME?,100.18,no
#NAME?,87.83,no
#NAME?,90.69,no
#NAME?,113.51,no
#NAME?,147.53,no
#NAME?,64.3,no
#NAME?,169.98,no
#NAME?,63.95,no
#NAME?,87.75,no
#NAME?,75.25,no
#NAME?,99.47,no
#NAME?,150.02,no
#NAME?,72.16,no
#NAME?,95.88,no
#NAME?,104.4,no
#NAME?,115.19,no
#NAME?,123.5,no
#NAME?,43.43,no
#NAME?,100.55,no
#NAME?,95.07,no
#NAME?,67.97,no
#NAME?,89.13,no
#NAME?,85.41,no
#NAME?,88.49,no
#NAME?,42.23,no
#NAME?,100.5,no
#NAME?,87.95,no
#NAME?,54.91,no
#NAME?,123.4,no
#NAME?,125.03,no
#NAME?,33.24,no
#NAME?,48.59,no
#NAME?,178.76,no
#NAME?,144.55,no
#NAME?,76.31,no
#NAME?,43.8,no
#NAME?,39.29,no
#NAME?,34.15,no
#NAME?,74.68,no
#NAME?,69.67,no
#NAME?,49.93,no
#NAME?,93.52,no
#NAME?,96.26,no
#NAME?,67.05,no
#NAME?,93.49,no
#NAME?,111.43,no
#NAME?,54.44,no
#NAME?,78.81,no
#NAME?,54.44,no
#NAME?,74.04,no
#NAME?,44.23,no
#NAME?,53.54,no
#NAME?,28.25,no
#NAME?,29.36,no
#NAME?,91.09,no
#NAME?,92.63,no
#NAME?,167.2,no
#NAME?,113.06,no
10414497#2_0,43.23,no
10418321#0_0,33.73,no
1056324193#2_0,70.49,no
10594647#0_0,61.31,no
1062629833_0,243.33,no
10678336#0_0,98.05,no
10678336#0.97_0,128.58,no
1078174821_0,75.38,no
1137649511#0_0,54.66,no
1163529329_0,15.36,no
1163569502#0_0,64.1,no
11667106#0_0,114.49,no
11667106#2_0,70.64,no
11667106#5_0,56.99,no
11916106#0_0,98.89,no
120613500#0_0,16.66,no
120613500#1_0,86.98,no
120613501_0,90.45,no
120613502_0,51.42,no
120613502.32_0,62.95,no
120613506#0_0,215.28,no
12618874#0_0,111.16,no
12618874#0.111_0,116.61,no
136124103_0,14.42,no
136124104#0_0,35.86,no
136617339#0_0,41.99,no
138424035#0_0,254.14,no
141885660#2_0,57.6,no
141887992#2_0,68.88,no
14388986#0_0,29.14,no
14389891#0_0,116.04,no
14389891#4_0,94.83,no
145204590#0_0,31.42,no
145204590#2_0,221.22,no
146778063#0_0,110.07,no
146778074#3_0,136.84,no
146783879#0_0,72.81,no
147633771#0_0,31.94,no
147636167_0,175.69,no
147759326#0_0,39.56,no
148349696#0_0,50.85,no
148349697#1_0,57.42,no
149233866#0_0,85.9,no
14947691#2_0,180.97,no
150995095#0_0,91.32,no
150995095#4_0,52.79,no
150995110#0_0,84.28,no
150996033_0,17.22,no
15677654#0_0,88.04,no
15801838#0_0,37.36,no
172222117#0_0,95.07,no
188708009_0,107.31,no
188708010#0_0,77.13,no
188708011_0,68.11,no
188867142#0_0,96.13,no
198426622_0,57.51,no
20020535#0_0,53.94,no
20020535#0.160_0,172.8,no
20020535#0.52_0,109.85,no
218294235#0_0,43.93,no
23570562#0_0,44.34,no
27014767_0,90.97,no
27014785#0_0,68.15,no
27331400#0_0,11.12,no
27331400#1_0,158.34,no
27331408#0_0,92.42,no
27361189#0_0,39.05,no
27361348#0_0,136.92,no
27410107#0_0,127.2,no
27410182#0_0,70.06,no
284105538_0,151.87,no
28767220#0_0,48.58,no
294148768_0,18.87,no
294148769_0,12.86,no
294149881_0,14.36,no
295864510#0_0,89.93,no
31901962#1_0,112.39,no
32434209_0,36.29,no
32434222_0,25.06,no
331553004#0_0,42.9,no
332455374#1_0,72.7,no
332455398#1.16_0,82.93,no
334810149#0_0,15.76,no
334810149#1_0,91.5,no
33556413#0_0,30.12,no
33556413#1_0,9.68,no
33693780#0_0,81.72,no
33693780#2_0,23.57,no
33693780#4_0,46.06,no
33693799#0_0,85.34,no
33695352#0_0,69.29,no
33695402#0_0,88.98,no
341018763#0_0,70.57,no
35162766#0_0,193.01,no
35162767#0_0,38.34,no
35162767#1_0,84.32,no
35162947#0_0,99.71,no
35164367_0,31.02,no
361838934#0_0,84.9,no
361838934#1_0,32.44,no
361876821_0,97.23,no
371344296#0_0,33.65,no
371344296#1_0,46.09,no
371344296#2_0,14.45,no
374407128_0,71.32,no
374522039#0_0,36.76,no
374528655_0,30.16,no
37684124#0_0,124.77,no
381201436#0_0,92.24,no
381223036#0_0,168.89,no
39239530_0,20.87,no
395173267_0,72.87,no
398028002#0_0,77.16,no
41455289#0_0,125.01,no
41459881#0_0,32.88,no
41459882#0_0,22.58,no
423368254#0_0,82.06,no
423368254#2_0,121.98,no
43068084#0_0,107.16,no
4310927#1_0,310.91,no
4310928#0_0,294.21,no
4370800#0_0,248.61,no
4389421#0_0,116.79,no
4398888#0_0,81.12,no
4398951#0_0,40.88,no
4399120_0,47.26,no
4479820#0_0,42.47,no
4572089#0_0,74.4,no
4575015#0_0,85.21,no
461211027_0,24.77,no
461211028_0,15.48,no
46656282#0_0,62.53,no
4687935#0_0,78.34,no
4687956#0_0,203.96,no
4727535_0,19.98,no
4730406#0_0,81.93,no
4730406#0.80_0,83.74,no
4730408#2_0,262.78,no
4730409#0_0,257.16,no
4730416#1_0,38.16,no
4734974#0_0,26.3,no
4734976#0_0,45.58,no
4748727_0,18.94,no
4799417_0,18.2,no
4803559#0_0,69.14,no
4803560#2_0,60.79,no
48777366#0_0,60.4,no
4950245#0_0,160.7,no
496934557#0_0,67.93,no
498169246_0,31.9,no
506653388#0_0,111.4,no
5068112#0.550_0,67.21,no
5079287#0_0,48.27,no
51265912#1_0,105.42,no
5198100#0_0,84.79,no
525958045#0_0,189.12,no
526016651_0,67.74,no
526016653#2_0,39.87,no
527481483#0_0,76.31,no
532158277#0_0,86.89,no
532158278#0_0,72.95,no
53275982#0_0,15.59,no
533775756#0_0,127.07,no
534546682#0.18_0,40.79,no
534851512#0_0,92.09,no
543698012#0_0,80.48,no
543888804#0_0,26.04,no
543888805_0,100.99,no
544418922#0_0,137.03,no
548370028_0,32.5,no
548370029_0,55.01,no
548370030#0_0,40.22,no
548370031#1_0,29.42,no
548370032_0,16.98,no
548370035#0_0,42.28,no
548370037#0_0,55.72,no
548372837#0_0,85.13,no
548372838#0_0,87.6,no
549020386#0_0,143.99,no
549020386#1_0,65.65,no
549356141#0_0,16.48,no
549356141#1_0,13.22,no
550432833#0_0,36.23,no
550432838#0_0,119.78,no
550432840#0_0,39.94,no
550432841#0_0,46.78,no
555161515#0_0,113.92,no
558634424#0_0,95.24,no
559462254#0_0,73.64,no
559462255#0.13_0,77.62,no
563070453#0_0,113.12,no
565560611#0_0,128.04,no
566100279#0_0,91.57,no
566100297#0_0,72.83,no
566100297#2_0,20.95,no
566100297#3_0,23.76,no
566100297#4_0,45.33,no
566100297#6_0,96.65,no
569781024_0,199.81,no
576802235_0,34.88,no
5771348#0_0,51.13,no
5772335#0_0,263.72,no
577246823#0_0,40.94,no
577248827#1_0,70.14,no
580414174_0,61.05,no
592017400_0,128.53,no
593076011_0,30.15,no
593076012#0_0,117.75,no
593077123#0_0,134.94,no
595805217_0,29.58,no
596103315#0_0,146.65,no
601313557#0_0,75.73,no
601313558#0_0,52.24,no
601718666#0_0,93.77,no
60233930#0_0,98.57,no
602621673_0,39.43,no
602621681_0,57.59,no
60447874#0_0,19.04,no
60447874#2_0,171.49,no
60447876#0_0,101.73,no
60447877#0_0,31.12,no
60447877#1_0,53.86,no
60505837#0_0,61.31,no
64659700#1_0,58.6,no
651999512#0_0,74.27,no
682608864#0_0,17.93,no
682608864#1_0,12.93,no
682608867_0,22.09,no
69184467#1_0,31.03,no
69537613_0,69.31,no
71167245#0_0,12.16,no
722646198_0,19.4,no
77078537#0_0,54.28,no
77079364#0_0,66.88,no
77079366_0,90.85,no
81285058_0,50.16,no
81285068#0_0,29.42,no
8139899#0_0,18.69,no
8139899#1_0,66.03,no
821493797#0_0,32.62,no
828445693#1_0,98.24,no
860373105#0_0,48.97,no
860373105#1_0,40.49,no
860373105#2_0,67.44,no
86145639#0_0,27.39,no
86145639#1_0,57.97,no
86145639#3_0,103.7,no
889067535_0,36.3,no
92142133_0,108.87,no
92142136_0,79.71,no
92142139_0,12.12,no
942285773#0_0,45.73,no
942348910#0_0,53.79,no
95474067#0_0,70.78,no
968872142#0_0,11.07,no
968872142#1_0,14.52,no
968872143_0,45.71,no
970871268_0,132.82,no
970871269_0,128.75,no
E100_0,63.51,no
E101_0,102.2,no
E105_0,158.91,no
E109_0,56.63,no
E110_0,90.05,no
E111_0,82.88,no
E112_0,58.82,no
E116_0,112,no
E25_0,90.69,no
E27_0,113.51,no
E28_0,147.53,no
E29_0,64.3,no
E30_0,169.98,no
E34_0,63.95,no
E35_0,87.75,no
E36_0,75.25,no
E37_0,99.47,no
E40_0,72.16,no
E41_0,95.88,no
E42_0,104.4,no
E43_0,115.19,no
E44_0,123.5,no
E45_0,43.43,no
E46_0,100.55,no
E47_0,95.07,no
E48_0,67.97,no
E51_0,88.49,no
E52_0,42.23,no
E53_0,100.5,no
E54_0,87.95,no
E55_0,54.91,no
E56_0,123.4,no
E57_0,125.03,no
E62_0,33.27,no
E63_0,48.59,no
E65_0,178.76,no
E66_0,144.55,no
E71_0,76.31,no
E72_0,43.8,no
E73_0,39.29,no
E74_0,34.15,no
E75_0,74.68,no
E76_0,69.67,no
E77_0,49.93,no
E78_0,93.52,no
E79_0,96.26,no
E80_0,67.05,no
E81_0,93.49,no
E83_0,111.43,no
E84_0,54.44,no
E85_0,78.81,no
E86_0,54.44,no
E87_0,74.04,no
E89_0,44.23,no
E91_0,53.54,no
E92_0,28.25,no
E93_0,104.91,no
E95_0,91.09,no
E96_0,92.63,no
E98_0,167.2,no
E99_0,113.06,no
-1007827874#1_1,82.14,yes
-1011249147#0_1,16.68,yes
-1089407128#2_1,43.42,yes
-1117202247#0_0,120.86,yes
-1117202247#3_0,132.33,yes
-1139084789#1_0,133.89,yes
-1139084789#3_0,48.3,yes
-11663107#1_0,106.5,yes
-11663107#5_0,75.8,yes
-11663148#0_0,39.33,yes
-11663148#2_0,100.36,yes
-11665173#1_0,96.13,yes
-11917063#2_1,84.7,yes
-11917566#2_0,80.78,yes
-11917566#5_0,106.46,yes
-127791716#1_0,68.74,yes
-136538171#0_0,76.35,yes
-136538171#2_0,86.95,yes
-146977154_1,154.21,yes
-147161798#1_1,69.61,yes
-147161801_1,20.39,yes
-147161802_1,166.53,yes
-147164232#1_1,101.09,yes
-147164233#1_1,98.74,yes
-147390905#7_0,81.43,yes
-147390907#1_1,117.98,yes
-149246860#0_0,96.18,yes
-149246860#3_0,76.96,yes
-149246860#5_0,55.63,yes
-152001418#1_0,169.71,yes
-152001419_0,79.55,yes
-15218556#10_0,61.63,yes
-15218556#5_0,107.28,yes
-15218556#7_0,59.53,yes
-15218556#8_0,39.71,yes
-152419232#0_0,72.77,yes
-15734263#0_0,101.37,yes
-159977164#2_0,76.49,yes
-159977164#5_0,78.63,yes
-164974564#2_0,83.55,yes
-172288344#1_1,71.94,yes
-172288344#2_0,65.81,yes
-172288344#4_0,36.59,yes
-179097891#2_1,94.26,yes
-192236405#1_0,58.6,yes
-207098749#2_0,113.35,yes
-207126539#1_0,53.28,yes
-237087856#0_0,66.1,yes
-26154816#2_1,75,yes
-26154817#2_1,61.35,yes
-26154846#0_0,103.41,yes
-26647215#2_0,79.49,yes
-27013842#0_1,72.9,yes
-27433876#4_0,54.29,yes
-27433876#7_0,64.82,yes
-27433890#0_0,121.48,yes
-27434188#13_0,198.86,yes
-27434188#3_0,64.81,yes
-27434188#5_0,73.42,yes
-284105543#1_1,86.29,yes
-284686657_1,63.61,yes
-28630236#1_1,122.24,yes
-28682845#0_1,71.12,yes
-28682845#2_1,59.52,yes
-28682845#4_1,69.75,yes
-28682845#6_1,43.89,yes
-28682845#8_1,27.32,yes
-28785176#3_0,86.96,yes
-28809053#2_0,146.11,yes
-28818201#2_0,94.74,yes
-28818210#1_0,74.85,yes
-28818210#4_0,77.36,yes
-29116101#1_0,55.31,yes
-29116101#3_0,61.28,yes
-298904471#1_1,83.88,yes
-313465295#3_0,37.16,yes
-313465295#6_0,62.09,yes
-330403834_1,38.56,yes
-35424541#1_1,56.72,yes
-36883163#1_0,57.24,yes
-371342811#1_0,45.54,yes
-373370449#0_1,149.28,yes
-39013715#1_1,53.17,yes
-40255557#2_0,125.11,yes
-408534466#1_1,89.61,yes
-4440330#2_1,36.05,yes
-44906779#2_0,65.48,yes
-4527091_0,11.69,yes
-4558441#1_0,28.52,yes
-4575015#0_1,87.63,yes
-4592588_1,165.23,yes
-4592591#1_1,52.19,yes
-464916844#0_1,24.17,yes
-464916844#1_1,33.94,yes
-4743766#0_0,46.87,yes
-4743768#0.99_0,103.4,yes
-4803425_0,41.83,yes
-4803465#5_0,134.19,yes
-4803511#2_0,66.5,yes
-4803512#2_0,64.82,yes
-488736536#2_1,143.35,yes
-49600616#7_0,96.57,yes
-49600616#9_0,14.35,yes
-505860158_0,110.93,yes
-505860160#0_0,45.16,yes
-521669301#1_0,68.04,yes
-521669302#1_0,68.8,yes
-521669303#1_0,62.11,yes
-521669304#1_0,62.12,yes
-521669305#1_0,65.04,yes
-521669309#1_0,51.94,yes
-536841066_1,85.76,yes
-537731487#0_0,35.88,yes
-546792880#1_0,13.24,yes
-547047229#2_1,86.32,yes
-547047277#2_1,116.17,yes
-548701322#1_1,38.73,yes
-56081883#5_1,94.37,yes
-5772448#2_1,183.69,yes
-583730162#1_0,88.96,yes
-5881717#1_0,68.78,yes
-5881719#0_0,104.7,yes
-5881740#0_0,62.75,yes
-5881742#3_0,65.07,yes
-5944789#5_0,234.01,yes
-5944811#5_0,75.13,yes
-5944814#3_0,91.63,yes
-5944815#1_0,71.29,yes
-596514086#2_1,80.26,yes
-596514086#5_1,85.91,yes
-596514114#0_1,35.8,yes
-596514114#3_1,65.52,yes
-596514115_1,38.7,yes
-671965939#2_0,9.64,yes
-671965939#6_0,56.55,yes
-683609958#0_0,58.72,yes
-683609958#1_1,58.88,yes
-683609958#5_1,110.61,yes
-699663268#0_0,100,yes
-699663268#2_0,57.11,yes
-699663268#5_0,115.46,yes
-699663268#8_0,99.24,yes
-70732843#1_0,55.67,yes
-70732843#3_0,114.27,yes
-70732843#4_0,21.58,yes
-70732843#6_0,84.7,yes
-70732845#1_0,83.7,yes
-70732846#1_0,68.31,yes
-70748296#1_0,47.29,yes
-70748311#1_1,60.97,yes
-70748314#3_1,71.21,yes
-70748320#0_1,61.06,yes
-70748322#1_1,56.56,yes
-70748324#1_1,48.9,yes
-73223940#1_1,44.43,yes
-73848804#11_0,53.36,yes
-73848804#13_0,66.63,yes
-73848804#14_0,94.92,yes
-73848804#16_0,31.98,yes
-73848804#18_0,67.08,yes
-73848804#2_0,102.78,yes
-73848804#24_0,103.39,yes
-73848804#27_0,21.32,yes
-73848804#4_0,84.81,yes
-73848804#8_0,116.54,yes
-73848805#1_0,119.68,yes
-75470557#1_0,137.42,yes
-775198843#1_0,65.57,yes
-775198843#2_0,52.6,yes
-791130340#1_1,29.91,yes
-79855537#1_1,126.22,yes
-81358773#1_0,72.63,yes
-81552985#3_1,118.72,yes
-81552989#2_0,67.19,yes
-81552989#4_0,58.96,yes
-820964111#1_1,31.41,yes
-820964111#5_1,126.51,yes
-822520818#0_1,40.49,yes
-822520818#1_1,19.66,yes
-822520819_1,83.38,yes
-824639174#3_0,46.44,yes
-824639174#6_0,94.3,yes
-824639175#1_0,40.83,yes
-82956882_1,57.22,yes
-83115253#0_0,64.43,yes
-83115253#1_0,41.95,yes
-842453938_1,61.25,yes
-860373106#0_1,71.54,yes
-860373106#1_1,8.19,yes
-861311401_0,63.35,yes
-867996682#2_0,95.72,yes
-967647590#1_0,32.04,yes
#NAME?,30.91,yes
#NAME?,80.69,yes
#NAME?,26.64,yes
#NAME?,59.87,yes
#NAME?,66.53,yes
#NAME?,108.91,yes
#NAME?,89.6,yes
1007827873_0,53.87,yes
1037128392#0_0,59.05,yes
1037128393#1_1,23.79,yes
1037128394#1_1,82.89,yes
1038193211_1,25.86,yes
10690411_1,69.75,yes
1111971585#0_1,58.42,yes
1111971585#3_1,38.44,yes
1117202247#1_0,132.33,yes
1121159178#0_1,98.27,yes
1139084789#0_0,133.89,yes
1139084789#2_0,48.3,yes
1163547442_1,61.25,yes
1163561640#0_1,84.77,yes
11663107#0_0,106.5,yes
11663107#4_0,75.8,yes
11663148#0_0,39.33,yes
11663148#1_0,100.36,yes
11663444#0_0,77.96,yes
11663984#0_0,75.22,yes
11663984#3_0,75.42,yes
11665173#0_0,96.13,yes
121401274#0_0,51.95,yes
127791716#0_0,68.74,yes
136538171#0_0,76.35,yes
136538171#1_0,86.95,yes
144294982#0_1,155.58,yes
15218521#0_0,140.13,yes
15218556#2_0,107.28,yes
15218556#6_0,59.53,yes
15218556#8_0,39.71,yes
15218556#9_0,61.63,yes
15218593#0_1,56.72,yes
152419232#0_1,72.33,yes
15675699_1,89.24,yes
15675729#0_1,126.26,yes
15675745#0_1,41.17,yes
15675937#0_1,196.91,yes
15734263#0_0,101.5,yes
159977163#3_0,62.11,yes
159977164#0_0,76.49,yes
159977164#3_0,78.63,yes
164974562#0_0,77.21,yes
170032520#1_1,15.32,yes
170032532#1_1,111.65,yes
170032532#2_1,32.27,yes
170045671#1_1,223.28,yes
172288344#2_0,65.81,yes
172288344#3_0,36.59,yes
188708013#0_1,47.52,yes
188708013#1_1,160.82,yes
192236405#0_0,58.6,yes
194900946_0,21.21,yes
206592705#0_1,71.53,yes
207126539#0_0,53.28,yes
207126539#2_0,110.93,yes
208143936#0_0,29.92,yes
208143937_0,93.7,yes
210135874#0_0,21.36,yes
210135875#0_0,9.02,yes
212434409#0_1,38.59,yes
214071216#0_0,16.64,yes
214071216#1_0,18.08,yes
217451773#0_1,104.12,yes
227596610#0_1,22.49,yes
237087856#0_0,67.97,yes
24586239#1_1,84.66,yes
24586240#0_0,63.86,yes
24586242#0_1,75.37,yes
24596904#0_0,193.74,yes
24596908#0_1,32.18,yes
26154816#0_1,75,yes
26154817#0_1,61.29,yes
26154838#0_1,31.16,yes
26154846#0_0,103.42,yes
26645827#0_0,99.74,yes
26645827#3_0,62.04,yes
26645917#0_0,50.99,yes
26646072#0_0,32.93,yes
26646344#0_0,27.74,yes
26646987#2_0,63.24,yes
26646994#0_0,98.14,yes
27014683#0_0,50.56,yes
27433876#0_0,54.29,yes
27433876#5_0,64.82,yes
27433890#0_0,121.24,yes
27433890#3_0,67.84,yes
27434188#14_0,83.41,yes
27473985#0_1,105.36,yes
284686645#0_1,54.65,yes
284686646#2_1,95.61,yes
284686646#5_1,36.84,yes
284686649#0_1,68.96,yes
284686650#1_0,21.93,yes
284686651#0_1,95.88,yes
284686653#0_1,56.34,yes
284686653#2_1,51.08,yes
284686655#0_0,71.71,yes
28682845#0_1,71.12,yes
28682845#1_1,59.52,yes
28682845#3_1,69.75,yes
28682845#5_1,43.89,yes
28682845#7_1,27.32,yes
28785176#0_0,86.96,yes
28802233#0_0,238.7,yes
28802253#0_0,139.26,yes
28802258#0_0,99.42,yes
28802260#0_0,127.01,yes
28818201#0_0,94.74,yes
28818210#2_0,77.36,yes
288836366_1,44.37,yes
289146494#0_1,150.68,yes
28951462#0_1,94.99,yes
29076028#0_0,22.5,yes
29116100#0_1,77.37,yes
29116100#2_1,62.94,yes
29116100#4_1,70.87,yes
29116100#6_1,73.06,yes
29116101#0_0,55.31,yes
29116101#2_0,61.28,yes
29187759#0_0,91.51,yes
298496090#0_1,91.73,yes
298904469#1_1,99.29,yes
298904469#3_1,105.6,yes
30640404#3_0,79.29,yes
30640436#0_0,49.17,yes
30640436#1_0,113.72,yes
31261713#0_1,165.23,yes
313465295#1_0,37.16,yes
313465295#4_0,62.09,yes
313465298#0_1,59.62,yes
32928276_1,56.56,yes
32928358#0_1,65.11,yes
32928358#2_1,78.48,yes
32928358#4_1,101.33,yes
32928505_1,54.62,yes
32928521#0_1,40.61,yes
32928524#0_1,10.17,yes
32928524#1_1,50.5,yes
32928524#3_1,15.01,yes
371342811#0_0,45.54,yes
371348311_1,104.94,yes
373370449#0_0,152.16,yes
374533048_0,58.72,yes
374535325#0_0,120.86,yes
377260839#0_0,40.31,yes
378128430#0_1,107.19,yes
38259359_1,74.39,yes
39517038#0_0,81.86,yes
39524112_0,55.96,yes
40255559#2_0,122.83,yes
41221165_1,102.79,yes
422991319#0.66_0,104.16,yes
4440330#0_1,36.05,yes
44906781#0_0,115.26,yes
44906784#0_0,93.17,yes
45042938#2_0,111.29,yes
4527091_0,11.69,yes
4533224#0_1,70.65,yes
4533224#6_0,44.69,yes
4533224#8_0,36.14,yes
4533225#1_0,66.46,yes
4533225#3.78_1,60.78,yes
4533226#0_0,100,yes
4533227#0_1,79.8,yes
4533227#0.148_1,124.16,yes
4533227#0.76_1,71.84,yes
4533228#0_1,103.73,yes
4533228#4_1,92.63,yes
4558440#2_0,59.66,yes
4558440#6_0,95.37,yes
4558441#0_0,28.52,yes
4592591#0_1,52.19,yes
4592657#0_0,63.22,yes
4687928#2_0,67.97,yes
4743768#0.99_0,103.26,yes
4743769#3_0,60.53,yes
4803403#0_0,75.32,yes
4803424_0,117.54,yes
4803425_0,41.83,yes
4803453#0_0,18.03,yes
4803456#6_0,91.42,yes
4803465#0_0,134.19,yes
49600616#3_0,96.57,yes
49600616#8_0,14.35,yes
49872901_0,55.56,yes
505860160#0_0,45.16,yes
505860160#1_0,74.85,yes
5074648#2_0,30,yes
507747915_1,23.45,yes
518130252#0_0,110.26,yes
518130263#0_0,76.76,yes
521669299#2_0,133.56,yes
521669300#0_0,110.64,yes
521669303#2_0,68.8,yes
521669305#2_0,62.12,yes
526016640#0_1,65.59,yes
526016652#0_1,109.81,yes
526017777#0_1,61.85,yes
527458585#0_1,108.2,yes
527458585#2_1,59.24,yes
527458585#2.59_1,55.7,yes
537731478_1,68.79,yes
537731484_1,30.33,yes
537731485#0_1,49.49,yes
537731485#2_1,8.53,yes
537731485#2_2,8.53,yes
537731486_1,69.71,yes
537731488#0_1,38.27,yes
546792880#0_0,13.24,yes
546792882#0_0,56.34,yes
546792882#0.56_0,93.31,yes
546792884#0_0,105.12,yes
547047228_1,86.32,yes
547047275#0_1,37.4,yes
548529066#0_1,52.2,yes
550658812#0_0,74.66,yes
550658815#0_0,65.94,yes
56081883#1_1,94.37,yes
5772447#0_0,75.28,yes
5772447#3_0,73.07,yes
577305652_1,71.81,yes
583730162#0_0,88.96,yes
5881714#0_0,161.69,yes
5881714#2_0,71,yes
5881717#0_0,68.78,yes
5881718#0_0,86.93,yes
5881719#0_0,104.7,yes
5881727_0,83.7,yes
5881740#0_0,64.14,yes
5881743#0_0,170.84,yes
5944797_0,47.29,yes
5944799#1_1,25.56,yes
5944805#0_0,48.88,yes
5944806#0_0,159.58,yes
5944810#2_0,99.41,yes
5944812_1,69.58,yes
5944813#3_0,87.86,yes
5944813#6_0,63.35,yes
5944815#0_0,71.29,yes
5946346#2_1,73.12,yes
596514086#0_1,80.26,yes
596514086#3_1,85.91,yes
596514114#0_1,35.8,yes
596514114#1_1,65.52,yes
596514119#0_1,39.36,yes
596514120#0_1,39.09,yes
603655396_1,80.81,yes
618264927#0_0,37.37,yes
618264927#0_1,37.37,yes
671965939#1_0,9.64,yes
671965939#4_0,56.55,yes
683609958#1_0,58.88,yes
683609958#2_0,110.61,yes
68485346#0_1,166.75,yes
68485346#6_1,130.02,yes
699663268#1_0,57.11,yes
699663268#3_0,115.46,yes
699663268#6_0,99.24,yes
70732846#0_0,68.31,yes
70748314#0_1,71.21,yes
70748320#0_0,60.21,yes
709179651#0_1,26.89,yes
71160126#0_1,139.02,yes
73848803#0_1,100.39,yes
73848803#3_0,108.01,yes
73848803#5_1,128.14,yes
73848804#0_0,102.78,yes
73848804#12_0,66.63,yes
73848804#14_0,94.92,yes
73848804#15_0,31.98,yes
73848804#17_0,67.08,yes
73848804#19_0,103.39,yes
73848804#25_0,21.32,yes
73848804#3_0,84.81,yes
73848804#5_0,116.54,yes
73848804#9_0,53.36,yes
73848805#0_0,119.68,yes
75470557#1_0,137.42,yes
775198843#0_0,65.57,yes
775198843#2_0,52.6,yes
791130340#0_1,29.91,yes
81552996#0_0,50.03,yes
817867131#0_1,88.07,yes
817867132#0_1,22.96,yes
817922720#3_1,42.08,yes
820964111#0_1,31.41,yes
820964111#2_1,126.51,yes
824639174#2_0,46.44,yes
824639174#4_0,94.3,yes
824639175#0_0,40.83,yes
826204850#0_1,70.51,yes
826204850#2_1,116.28,yes
83115253#0_0,64.43,yes
83115253#1_0,41.95,yes
842455631_1,14.13,yes
850288300#0_1,55.32,yes
860373106#0_1,71.54,yes
860373106#1_1,8.19,yes
867996682#0_0,95.72,yes
967647588#0_0,67.91,yes
968498005_1,71.94,yes
976011959#0_0,30.87,yes
9922841_1,70.05,yes
9935272#0_0,44.84,yes
9935272#2_0,41.63,yes
9935272#4_0,82.13,yes
9938219#0_0,67.12,yes
9938260#0_0,53.38,yes
9938260#3_0,82.06,yes
E108_0,30.91,yes
E11_0,80.69,yes
E113_0,26.64,yes
E13_0,119.5,yes
E23_1,59.87,yes
E24_1,90.18,yes
E4_0,66.53,yes
E6_1,108.9,yes
E7_0,208.58,yes
E8_0,111.28,yes
-1007827874#1_0,82.14,no
-1011249147#0_0,16.68,no
-1037128391#1_0,84.64,no
-1037128393#0_0,59.05,no
-1037128394#0_0,23.76,no
-1089407128#2_0,43.42,no
-1111971585#2_0,58.42,no
-1111971585#4_0,38.44,no
-11662745#2_0,91.47,no
-11663107#3_0,45.52,no
-11663107#8_0,119.24,no
-11663148#5_0,97.97,no
-11917063#2_0,84.7,no
-129523162#0_0,96,no
-13863761#2_0,75.63,no
-146977154_0,154.21,no
-147161798#1_0,69.61,no
-147161801_0,20.39,no
-147161802_0,166.53,no
-147164232#1_0,101.09,no
-147164233#1_0,98.74,no
-147213253#0_0,80.28,no
-147390905#1_0,119.94,no
-147390905#4_0,77.49,no
-147390907#1_0,117.98,no
-152001416#1_0,83.41,no
-152001420#0_0,102.63,no
-152001420#2_0,88.43,no
-15675729#0_0,127.67,no
-15675745#2_0,41.17,no
-15675937#0_0,198.14,no
-159977163#2_0,77.58,no
-164974561#1_0,83.31,no
-164974562#3_0,77.21,no
-164974564#5_0,56.16,no
-172288344#1_0,71.94,no
-179097891#2_0,94.26,no
-188708013#0_0,50.24,no
-188708013#1_0,160.78,no
-194900947#0_0,100.93,no
-198410712#0_0,18.71,no
-206592705#0_0,74.06,no
-207098749#6_0,86.78,no
-207098958#0_0,71.53,no
-207683800#2_0,74.91,no
-208143935#2_0,63.55,no
-208143936#0_0,33.75,no
-212434409#0_0,42.22,no
-22944585#2_0,82.22,no
-22944589#2_0,97.86,no
-24586239#0_0,82.84,no
-24586240#0_0,63.94,no
-26154816#2_0,75,no
-26154817#2_0,61.35,no
-26645212#4_0,141.74,no
-26645942#0_0,61.53,no
-26645995#0_0,97.57,no
-26646052#0_0,114,no
-26646072#1_0,32.93,no
-26646344#1_0,27.74,no
-26646987#1_0,62.34,no
-26646987#4_0,63.24,no
-26646994#0.98_0,55.86,no
-27013842#0_0,72.9,no
-28128254#0_0,36.65,no
-284105543#1_0,86.29,no
-28420432#2_0,80.16,no
-284686657_0,63.61,no
-28630236#1_0,122.24,no
-28682845#0_0,71.12,no
-28682845#2_0,59.52,no
-28682845#4_0,69.75,no
-28682845#6_0,43.89,no
-28682845#8_0,27.32,no
-28784092#4_0,54.29,no
-28802238#2_0,117.68,no
-28802258#2_0,99.42,no
-28802260#3_0,127.01,no
-28802405#2_0,28.85,no
-28802414#2_0,127.14,no
-28809053#5_0,121.26,no
-28817182#3_0,100.66,no
-28818201#5_0,96.81,no
-28818210#6_0,53.76,no
-28877571#1_0,94.85,no
-28951462#3_0,94.99,no
-29116100#1_0,77.37,no
-29116100#1_1,77.37,no
-29116100#3_0,62.94,no
-29116100#3_1,62.94,no
-29116100#5_0,70.87,no
-29116100#5_1,70.87,no
-29116100#8_0,73.06,no
-29116100#8_1,73.06,no
-291877171#0_0,150.8,no
-298904469#0_0,83.88,no
-298904469#2_0,99.29,no
-298904469#5_0,105.6,no
-298904471#1_0,83.88,no
-30640404#0_0,85.04,no
-30640404#7_0,51.67,no
-30640436#0_0,48.54,no
-30640436#1_0,113.06,no
-31240870#0_0,48.43,no
-313465295#0_0,49.04,no
-313465298#1_0,59.62,no
-31785331#3_0,139.62,no
-330403834_0,38.56,no
-35424541#1_0,56.72,no
-371721856#2_0,105.96,no
-373370449#0_0,149.28,no
-377260838#2_0,89.62,no
-39013715#1_0,53.17,no
-39517039#0_0,55.74,no
-39517041#2_0,96.28,no
-40255559#5_0,122.83,no
-40255560#5_0,119.55,no
-40255561#5_0,72.59,no
-40255562#3_0,111.53,no
-408534466#1_0,89.61,no
-422991319#0_0,67.26,no
-43566484#4_0,65.08,no
-43566484#8_0,67.36,no
-4440330#2_0,36.05,no
-44906779#9_0,218.63,no
-44906784#2_0,93.17,no
-45042937#0_0,125.62,no
-45042938#0_0,60.3,no
-45042938#2_0,112.71,no
-45042939#0_0,122.92,no
-4533225#2_0,66.46,no
-4533225#7_0,60.78,no
-4533225#7.62_0,77.03,no
-4533227#0_0,79.8,no
-4533227#5_0,124.16,no
-4533227#5.124_0,71.84,no
-4558440#1_0,66.99,no
-4558440#5_0,59.66,no
-4558440#9_0,95.37,no
-4575015#0_0,87.63,no
-4592588_0,165.23,no
-4592590#3_0,89.55,no
-4592591#1_0,52.19,no
-4592655#0_0,82.55,no
-4627817#2_0,66.99,no
-464916844#0_0,24.17,no
-464916844#1_0,33.94,no
-4687928#0_0,35.43,no
-4743764#3_0,82.36,no
-4743768#0_0,101.17,no
-4743769#5_0,60.53,no
-4743773#0_0,159.59,no
-4803403#2_0,75.32,no
-4803424_0,118.36,no
-4803426#0_0,45.87,no
-4803428#2_0,64.37,no
-4803428#6_0,67.44,no
-4803466#0_0,66.94,no
-4803511#5_0,65.42,no
-488736536#2_0,143.35,no
-49519792#2_0,46.06,no
-49600616#2_0,91.63,no
-49677585#0_0,99.05,no
-505860159_0,128.7,no
-5074648#1_0,28.45,no
-5074648#2_0,30,no
-507747915_0,21.93,no
-521669296#1_0,33.23,no
-521669304#3_0,77.32,no
-526016660#0_0,32.34,no
-526017777#1_0,61.82,no
-527458585#1_0,108.2,no
-527458585#2_0,59.24,no
-527458585#4_0,55.7,no
-536837425#1_0,143.98,no
-536837425#3_0,20.45,no
-536841066_0,85.76,no
-537731486_0,70.87,no
-537731488#0_0,40.02,no
-547047229#2_0,86.32,no
-547047277#2_0,116.17,no
-548529065_0,122.24,no
-548701322#1_0,38.73,no
-56081883#5_0,94.37,no
-5772446#0_0,68.09,no
-5772448#2_0,183.69,no
-5881715#0_0,67.39,no
-5881715#2_0,53.73,no
-5881716#0_0,117.22,no
-5881717#3_0,50.93,no
-5881726#2_0,94.19,no
-5881726#3_0,111.73,no
-5881731#2_0,56.17,no
-5881731#5_0,93.66,no
-5881743#3_0,170.84,no
-5881745#2_0,81.78,no
-591375095#0_0,29.7,no
-5944786#0_0,73.61,no
-5944787#0_0,113.04,no
-5944788#0_0,77.96,no
-5944806#0_0,159.02,no
-5944809#1_0,35.95,no
-5944810#0_0,132.51,no
-5944811#2_0,120.77,no
-5944813#2_0,123.72,no
-5944813#5_0,87.86,no
-5944814#8_0,134.84,no
-596514086#2_0,80.26,no
-596514086#5_0,85.91,no
-596514114#0_0,35.8,no
-596514114#3_0,65.52,no
-596514115_0,38.7,no
-603349777#1_0,89.24,no
-6275379_0,75.51,no
-6275380#0_0,75.03,no
-671965939#0_0,22.12,no
-671965939#3_0,71.46,no
-683609958#1_0,58.88,no
-683609958#5_0,110.61,no
-70732845#10_0,143.9,no
-70748300_0,58.94,no
-70748306#1_0,90.94,no
-70748311#1_0,60.97,no
-70748314#3_0,71.21,no
-70748315#0_0,75.57,no
-70748320#0_0,61.06,no
-70748320#2_0,116.37,no
-70748322#1_0,56.56,no
-70748324#1_0,48.9,no
-73223940#1_0,44.43,no
-791130340#1_0,29.91,no
-79855537#1_0,126.22,no
-808953715_0,59.88,no
-81552985#3_0,118.72,no
-81552990#3_0,33.14,no
-817867131#0_0,88.26,no
-817867132#0_0,22.97,no
-817922720#2_0,105.37,no
-817922720#3_0,42.08,no
-820964111#1_0,31.41,no
-820964111#5_0,126.51,no
-821304189#1_0,71.81,no
-822520818#0_0,40.49,no
-822520818#1_0,19.66,no
-822520819_0,83.38,no
-824639174#1_0,73.69,no
-824639175#3_0,69.28,no
-826188135#1_0,199.2,no
-82956882_0,57.22,no
-83115254#1_0,143.98,no
-842453938_0,61.25,no
-842455631_0,14.13,no
-860373106#0_0,71.54,no
-860373106#1_0,8.19,no
-861311402#2_0,100.66,no
-967647587#1_0,56.15,no
-967647588#2_0,67.91,no
-976011959#0_0,29.98,no
-9922841_0,70.98,no
-9935272#7_0,79.72,no
-9938219#4_0,60.56,no
-9938247#0_0,77,no
-9938260#8_0,83.74,no
-9938319#6_0,346.02,no
#NAME?,33.19,no
#NAME?,223.2,no
#NAME?,54.18,no
#NAME?,95.72,no
#NAME?,68.13,no
#NAME?,66.09,no
#NAME?,101.37,no
#NAME?,45.21,no
#NAME?,129.58,no
#NAME?,45.08,no
#NAME?,19.1,no
#NAME?,67.5,no
#NAME?,59.87,no
#NAME?,40.58,no
#NAME?,108.91,no
#NAME?,208.58,no
1007827874#0_0,82.14,no
1011249147#0_0,16.68,no
1011249147#1_0,49.04,no
1037128393#1_0,23.79,no
1037128394#1_0,82.89,no
1038193211_0,25.86,no
10690411_0,69.75,no
1089407128#0_0,43.42,no
1111971585#0_0,58.42,no
1111971585#3_0,38.44,no
1121159178#0_0,98.27,no
1163547442_0,61.25,no
1163550984#0_0,98.75,no
1163561640#0_0,84.77,no
11662745#0_0,91.47,no
11663107#2_0,45.52,no
11663107#6_0,119.24,no
11663148#3_0,97.97,no
11665222#0_0,94.85,no
11917063#0_0,84.7,no
11917566#0_0,80.78,no
11917566#3_0,106.46,no
11917566#6_0,57.24,no
129523162#0_0,93.16,no
13863761#0_0,75.63,no
144294982#0_0,155.58,no
146977154_0,158.46,no
147161796#0_0,40.49,no
147161798#0_0,69.61,no
147161801_0,20.39,no
147164232#0_0,101.09,no
147164233#2_0,169.71,no
147213253#0_0,80.8,no
147390905#0_0,119.94,no
147390905#2_0,77.49,no
147390905#5_0,81.43,no
147390905#8_0,65.04,no
147390907#0_0,117.98,no
149246860#0_0,95.09,no
149246860#3_0,76.38,no
149246860#5_0,53.67,no
152001420#0_0,102.63,no
152001420#2_0,88.87,no
15218593#0_0,56.72,no
15218593#0_2,56.72,no
152419232#0_0,72.33,no
15675699_0,89.24,no
15675729#0_0,126.26,no
15675745#0_0,41.17,no
15675937#0_0,196.91,no
159977163#0_0,77.58,no
164974564#0_0,83.55,no
164974564#3_0,56.16,no
170032520#1_0,15.32,no
170032532#1_0,111.65,no
170032532#2_0,32.27,no
170045671#1_0,223.28,no
179097891#0_0,94.26,no
188708013#0_0,47.52,no
188708013#1_0,160.82,no
194900947#0_0,99.56,no
198410712#0_0,19.37,no
206592705#0_0,71.53,no
207098749#0_0,113.35,no
207098749#3_0,86.78,no
207098958#0_0,72.56,no
207683800#0_0,74.91,no
208143935#0_0,63.55,no
209984840#0_0,99.16,no
212434409#0_0,38.59,no
217451773#0_0,104.12,no
227596610#0_0,22.49,no
22944585#0_0,82.22,no
22944589#0_0,97.86,no
24586239#1_0,84.66,no
24586241#0_0,83.38,no
24586242#0_0,75.37,no
24596908#0_0,32.18,no
26154816#0_0,75,no
26154817#0_0,61.29,no
26154838#0_0,31.16,no
26645212#0_0,141.74,no
26645917#6_0,101.3,no
26645942#0_0,61.18,no
26645995#0_0,96.71,no
26646052#0_0,114.46,no
26646987#0_0,62.34,no
26646994#0.98_0,55.98,no
26647215#0_0,79.49,no
27013842#0_0,78.81,no
27434188#0_0,64.81,no
27434188#4_0,73.42,no
27434188#6_0,198.86,no
27473985#0_0,105.36,no
28128254#0_0,36.64,no
284105543#0_0,86.29,no
28420432#0_0,80.16,no
284686645#0_0,54.65,no
284686646#2_0,95.61,no
284686646#5_0,36.84,no
284686647#0_0,67.33,no
284686649#0_0,68.96,no
284686651#0_0,95.88,no
284686652#0_0,110.91,no
284686653#0_0,56.34,no
284686653#2_0,51.08,no
284686657_0,63.61,no
28682845#0_0,71.12,no
28682845#1_0,59.52,no
28682845#3_0,69.75,no
28682845#5_0,43.89,no
28682845#7_0,27.32,no
28682875#0_0,53.87,no
28784092#4_0,54.14,no
28802238#0_0,117.68,no
28802405#0_0,28.85,no
28802414#0_0,127.14,no
28809053#0_0,146.11,no
28809053#3_0,121.26,no
28817182#0_0,100.66,no
28818201#3_0,96.81,no
28818210#5_0,53.76,no
28877536#0_0,128.7,no
288836366_0,44.37,no
289146494#0_0,150.68,no
28951462#0_0,94.99,no
29116100#0_0,77.37,no
29116100#2_0,62.94,no
29116100#4_0,70.87,no
29116100#6_0,73.06,no
291877171#0_0,147.89,no
298496090#0_0,91.73,no
298904469#1_0,99.29,no
298904469#3_0,105.6,no
30640404#0_0,85.25,no
30640404#7_0,51.15,no
31240870#0_0,47.83,no
31261713#0_0,165.23,no
313465298#0_0,59.62,no
31785331#0_0,139.62,no
32928276_0,56.56,no
32928358#0_0,65.11,no
32928358#2_0,78.48,no
32928358#4_0,101.33,no
32928505_0,54.62,no
32928521#0_0,40.61,no
32928524#0_0,10.17,no
32928524#1_0,50.5,no
32928524#3_0,15.01,no
330403834_0,38.83,no
371348311_0,104.94,no
371721856#0_0,105.96,no
377260838#0_0,89.62,no
378128430#0_0,107.19,no
382059941#0_0,143.35,no
38259359_0,74.39,no
39013715#0_0,53.17,no
39013717#0_0,166.53,no
39517039#0_0,58.54,no
39517041#0_0,96.28,no
40255557#0_0,125.11,no
40255560#2_0,119.55,no
40255561#5_0,72.09,no
40255562#3_0,111.32,no
408534466#0_0,89.61,no
41221165_0,102.79,no
422991319#0_0,67.27,no
43566484#2_0,65.08,no
43566484#5_0,67.36,no
4440330#0_0,36.05,no
44906779#0_0,65.48,no
44906779#3_0,218.63,no
45042937#0_0,124.76,no
45042938#0_0,60.62,no
45042939#0_0,123.36,no
4533224#0_0,70.65,no
4533225#2_0,67.27,no
4533225#3_0,77.03,no
4533225#3.78_0,60.78,no
4533227#0_0,79.8,no
4533227#0.148_0,124.16,no
4533227#0.76_0,71.84,no
4533228#0_0,103.73,no
4533228#4_0,92.63,no
4592590#0_0,89.55,no
4592591#0_0,52.19,no
4592655#0_0,81.89,no
464916844#0_0,24.17,no
464916844#1_0,33.94,no
4687928#0_0,37.14,no
4730716#0_0,126.22,no
4730818_0,194.3,no
4743764#0_0,82.36,no
4743766#0_0,47.54,no
4743768#0_0,99.88,no
4743773#0_0,161.99,no
4743830#0_0,98.81,no
4743859#0_0,199.2,no
4803426#0_0,44.61,no
4803428#0_0,64.37,no
4803428#3_0,67.44,no
4803456#0_0,105.79,no
4803466#0_0,67.19,no
4803511#0_0,66.5,no
4803511#3_0,65.42,no
4803512#0_0,64.82,no
4803512#3_0,68.04,no
49519792#0_0,46.06,no
49677585#0_0,98.25,no
49872900#0_0,55.56,no
5007325#0_0,79.55,no
5074648#1_0,28.45,no
507747913#0_0,56.15,no
507747915_0,23.45,no
521669296#0_0,33.23,no
521669304#2_0,77.32,no
521669309#0_0,51.94,no
526016640#0_0,65.59,no
526016652#0_0,109.81,no
526016660#0_0,33.6,no
526017777#0_0,61.85,no
527458585#0_0,108.2,no
527458585#2_0,59.24,no
527458585#2.59_0,55.7,no
536837425#2_0,20.45,no
536841066_0,85.76,no
537731478_0,68.79,no
537731484_0,30.33,no
537731485#0_0,49.49,no
537731485#2_0,8.53,no
537731486_0,69.71,no
537731487#0_0,34.75,no
537731488#0_0,38.27,no
547047228_0,86.32,no
547047228_2,86.32,no
547047274#0_0,35.91,no
547047275#0_0,37.4,no
547047277#0_0,116.17,no
548529066#0_0,52.2,no
548701322#0_0,38.73,no
548701323#0_0,83.31,no
56081883#1_0,94.37,no
5772446#0_0,68.45,no
5772448#0_0,183.69,no
577305652_0,71.81,no
5881715#0_0,67.56,no
5881715#2_0,53.65,no
5881716#0_0,117.44,no
5881717#2_0,50.93,no
5881726#0_0,94.19,no
5881726#3_0,111.73,no
5881731#0_0,56.17,no
5881731#3_0,93.66,no
5881742#0_0,65.07,no
5881745#0_0,81.78,no
591375095#0_0,28.52,no
5944786#0_0,76.1,no
5944787#0_0,112.36,no
5944788#0_0,77.48,no
5944789#0_0,234.01,no
5944799#1_0,25.56,no
5944809#0_0,35.95,no
5944810#0_0,132.11,no
5944811#0_0,120.77,no
5944811#3_0,75.13,no
5944812_0,69.58,no
5944813#2_0,123.72,no
5944814#4_0,134.84,no
5946346#2_0,73.12,no
596514086#0_0,80.26,no
596514086#3_0,85.91,no
596514114#0_0,35.8,no
596514114#1_0,65.52,no
596514118#0_0,74.19,no
596514119#0_0,39.36,no
596514120#0_0,39.09,no
596515226#0_0,38.7,no
603655396_0,80.81,no
6275379_0,75.46,no
6275380#0_0,74.68,no
671965939#3_0,71.46,no
68485346#0_0,166.75,no
68485346#6_0,130.02,no
68485349#0_0,88.04,no
70732843#0_0,55.67,no
70732843#2_0,114.27,no
70732843#4_0,21.58,no
70732843#5_0,84.7,no
70732845#2_0,143.9,no
70748300_0,59.73,no
70748306#0_0,90.94,no
70748311#0_0,60.99,no
70748314#0_0,71.21,no
70748315#0_0,75,no
70748320#2_0,115.76,no
70748324#0_0,48.9,no
709179649#0_0,346.02,no
709179651#0_0,26.89,no
71160126#0_0,139.02,no
72132112#0_0,22.12,no
73223940#0_0,44,no
73848803#0_0,100.39,no
73848803#5_0,128.14,no
791130340#0_0,29.91,no
808953715_0,62.23,no
81358773#0_0,72.63,no
81552985#0_0,118.72,no
81552989#0_0,67.19,no
81552989#3_0,58.96,no
81552990#3_0,32.54,no
817867131#0_0,88.07,no
817867132#0_0,22.96,no
817922720#3_0,42.08,no
820964111#0_0,31.41,no
820964111#2_0,126.51,no
822520818#1_0,19.66,no
824639174#0_0,73.69,no
824639175#2_0,69.28,no
826204850#0_0,70.51,no
826204850#2_0,116.28,no
82956882_0,57.22,no
842455631_0,14.13,no
850288300#0_0,55.32,no
860373106#0_0,71.54,no
860373106#1_0,8.19,no
861311402#0_0,100.66,no
967647590#1_0,32.04,no
968498005_0,71.94,no
9922841_0,70.05,no
9935272#7_0,80.16,no
9938219#4_0,59.33,no
9938247#0_0,76.51,no
9938260#8_0,83.16,no
E0_0,33.18,no
E1_0,37.37,no
E10_0,223.2,no
E12_0,96.87,no
E14_0,54.18,no
E15_0,95.72,no
E16_0,68.13,no
E17_0,66.09,no
E18_0,101.37,no
E19_0,45.21,no
E2_0,129.58,no
E20_0,45.08,no
E21_0,19.1,no
E22_0,67.5,no
E23_0,59.87,no
E24_0,90.18,no
E3_0,40.58,no
E5_0,26.37,no
E6_0,108.9,no
E9_0,89.6,no
